# Table « activité ; champ d'apprentissage » utilisée par le hub pour dire si deux activités sont du même champ (lycée).
# À METTRE À JOUR quand la liste nationale change : une ligne par activité, sans accent, en minuscules, puis le numéro du champ.
# Source actuelle : annexe 1 de la note de service du 20 février 2026 (bac général et technologique).
# Les activités les plus longues d'abord (« course en duree » avant toute autre course).
activite;champ
course en duree;5
natation en duree;5
musculation;5
step;5
yoga;5
natation de vitesse;1
demi fond;1
haies;1
relais;1
sprint;1
javelot;1
disque;1
lancer du poids;1
pentabond;1
triple saut;1
saut en hauteur;1
saut en longueur;1
escalade;2
course d'orientation;2
sauvetage;2
vtt;2
danse;3
cirque;3
acrosport;3
gymnastique;3
badminton;4
tennis de table;4
boxe;4
judo;4
basket;4
football;4
handball;4
rugby;4
volley;4
ultimate;4
